{
  "CM1": {
    "dataset_info": {
      "name": "CM1",
      "n_samples": 498,
      "n_features": 21,
      "n_defective": 49,
      "defect_rate": 9.839357429718875
    },
    "summary_baseline": {
      "precision": {
        "mean": 0.22125329232848523,
        "std": 0.07397723284644615,
        "min": 0.0,
        "max": 0.4444444444444444
      },
      "recall": {
        "mean": 0.6789999999999999,
        "std": 0.21670025380695798,
        "min": 0.0,
        "max": 1.0
      },
      "f1": {
        "mean": 0.32997659175625926,
        "std": 0.10181347782814357,
        "min": 0.0,
        "max": 0.5714285714285714
      },
      "auc_roc": {
        "mean": 0.7713808080808081,
        "std": 0.09157598381203294,
        "min": 0.5511111111111111,
        "max": 0.9688888888888889
      },
      "accuracy": {
        "mean": 0.7281020408163265,
        "std": 0.06581645942084353,
        "min": 0.48,
        "max": 0.88
      },
      "mcc": {
        "mean": 0.2694104772379109,
        "std": 0.13982504405338933,
        "min": -0.14547859349066158,
        "max": 0.5623515948579823
      }
    },
    "summary_proposed": {
      "precision": {
        "mean": 0.2143328338328338,
        "std": 0.13414945574062706,
        "min": 0.0,
        "max": 0.6666666666666666
      },
      "recall": {
        "mean": 0.3710000000000001,
        "std": 0.22651490017215203,
        "min": 0.0,
        "max": 1.0
      },
      "f1": {
        "mean": 0.26464226940929725,
        "std": 0.15530557695752062,
        "min": 0.0,
        "max": 0.6666666666666666
      },
      "auc_roc": {
        "mean": 0.7309171717171716,
        "std": 0.09455312461333838,
        "min": 0.4863636363636364,
        "max": 0.9066666666666666
      },
      "accuracy": {
        "mean": 0.8044489795918366,
        "std": 0.05073656554907041,
        "min": 0.66,
        "max": 0.9387755102040817
      },
      "mcc": {
        "mean": 0.17539764488137483,
        "std": 0.18256492632785354,
        "min": -0.15617376188860607,
        "max": 0.6330541649476573
      }
    },
    "comparison": {
      "precision": {
        "statistic": 2229.0,
        "p_value": 0.5955954236141574,
        "significant": false,
        "better": "no significant difference",
        "mean_a": 0.22125329232848523,
        "mean_b": 0.2143328338328338,
        "difference": -0.006920458495651427
      },
      "recall": {
        "statistic": 184.0,
        "p_value": 1.3172561031902431e-12,
        "significant": true,
        "better": "A (Baseline)",
        "mean_a": 0.6789999999999999,
        "mean_b": 0.3710000000000001,
        "difference": -0.30799999999999983
      },
      "f1": {
        "statistic": 1448.5,
        "p_value": 0.0008402687873686224,
        "significant": true,
        "better": "A (Baseline)",
        "mean_a": 0.32997659175625926,
        "mean_b": 0.26464226940929725,
        "difference": -0.06533432234696201
      },
      "auc_roc": {
        "statistic": 1566.0,
        "p_value": 0.0015098453197405113,
        "significant": true,
        "better": "A (Baseline)",
        "mean_a": 0.7713808080808081,
        "mean_b": 0.7309171717171716,
        "difference": -0.04046363636363648
      },
      "mcc": {
        "statistic": 1427.0,
        "p_value": 0.0001598204418050732,
        "significant": true,
        "better": "A (Baseline)",
        "mean_a": 0.2694104772379109,
        "mean_b": 0.17539764488137483,
        "difference": -0.09401283235653607
      },
      "accuracy": {
        "statistic": 295.0,
        "p_value": 6.741039581026274e-13,
        "significant": true,
        "better": "B (Proposed)",
        "mean_a": 0.7281020408163265,
        "mean_b": 0.8044489795918366,
        "difference": 0.07634693877551013
      }
    }
  },
  "PC1": {
    "dataset_info": {
      "name": "PC1",
      "n_samples": 1109,
      "n_features": 21,
      "n_defective": 77,
      "defect_rate": 6.943192064923355
    },
    "summary_baseline": {
      "precision": {
        "mean": 0.2220259336395565,
        "std": 0.0648339978245975,
        "min": 0.1111111111111111,
        "max": 0.38461538461538464
      },
      "recall": {
        "mean": 0.6551785714285713,
        "std": 0.1694772688087023,
        "min": 0.25,
        "max": 1.0
      },
      "f1": {
        "mean": 0.3270974716951062,
        "std": 0.08466977534843012,
        "min": 0.15384615384615385,
        "max": 0.5185185185185185
      },
      "auc_roc": {
        "mean": 0.8153527419182758,
        "std": 0.07428462097279735,
        "min": 0.633495145631068,
        "max": 0.9405339805825242
      },
      "accuracy": {
        "mean": 0.8091834561834562,
        "std": 0.04754148671290738,
        "min": 0.6846846846846847,
        "max": 0.9099099099099099
      },
      "mcc": {
        "mean": 0.30066854075503396,
        "std": 0.106211841089914,
        "min": 0.06641302621589808,
        "max": 0.5207696875940738
      }
    },
    "summary_proposed": {
      "precision": {
        "mean": 0.32818038441606556,
        "std": 0.10310640366822969,
        "min": 0.0,
        "max": 0.6363636363636364
      },
      "recall": {
        "mean": 0.5180357142857143,
        "std": 0.16822708095103514,
        "min": 0.0,
        "max": 1.0
      },
      "f1": {
        "mean": 0.39420443344464073,
        "std": 0.11225171456950159,
        "min": 0.0,
        "max": 0.7368421052631579
      },
      "auc_roc": {
        "mean": 0.8565136562466661,
        "std": 0.06690091160787323,
        "min": 0.5655339805825244,
        "max": 0.9854368932038835
      },
      "accuracy": {
        "mean": 0.8904529074529074,
        "std": 0.025334114763822146,
        "min": 0.8288288288288288,
        "max": 0.954954954954955
      },
      "mcc": {
        "mean": 0.3533348475892821,
        "std": 0.1262138273930322,
        "min": -0.07230340190344471,
        "max": 0.7237011678904504
      }
    },
    "comparison": {
      "precision": {
        "statistic": 305.0,
        "p_value": 2.2918843429815413e-14,
        "significant": true,
        "better": "B (Proposed)",
        "mean_a": 0.2220259336395565,
        "mean_b": 0.32818038441606556,
        "difference": 0.10615445077650906
      },
      "recall": {
        "statistic": 308.5,
        "p_value": 1.1931818944832692e-09,
        "significant": true,
        "better": "A (Baseline)",
        "mean_a": 0.6551785714285713,
        "mean_b": 0.5180357142857143,
        "difference": -0.137142857142857
      },
      "f1": {
        "statistic": 972.5,
        "p_value": 1.5698878771685775e-07,
        "significant": true,
        "better": "B (Proposed)",
        "mean_a": 0.3270974716951062,
        "mean_b": 0.39420443344464073,
        "difference": 0.06710696174953451
      },
      "auc_roc": {
        "statistic": 942.5,
        "p_value": 5.2929629823637946e-08,
        "significant": true,
        "better": "B (Proposed)",
        "mean_a": 0.8153527419182758,
        "mean_b": 0.8565136562466661,
        "difference": 0.04116091432839031
      },
      "mcc": {
        "statistic": 1432.0,
        "p_value": 0.00017121594938104075,
        "significant": true,
        "better": "B (Proposed)",
        "mean_a": 0.30066854075503396,
        "mean_b": 0.3533348475892821,
        "difference": 0.05266630683424811
      },
      "accuracy": {
        "statistic": 14.5,
        "p_value": 5.92524744374519e-18,
        "significant": true,
        "better": "B (Proposed)",
        "mean_a": 0.8091834561834562,
        "mean_b": 0.8904529074529074,
        "difference": 0.08126945126945118
      }
    }
  },
  "PC2": {
    "dataset_info": {
      "name": "PC2",
      "n_samples": 745,
      "n_features": 36,
      "n_defective": 16,
      "defect_rate": 2.1476510067114094
    },
    "summary_baseline": {
      "precision": {
        "mean": 0.08172269397269397,
        "std": 0.12891854493546206,