{
  "CM1": {
    "dataset_info": {
      "name": "CM1",
      "n_samples": 498,
      "n_features": 21,
      "n_defective": 49,
      "defect_rate": 9.839357429718875
    },
    "summary_baseline": {
      "precision": {
        "mean": 0.212887287403373,
        "std": 0.04479978754307004,
        "min": 0.13333333333333333,
        "max": 0.29411764705882354
      },
      "recall": {
        "mean": 0.675,
        "std": 0.23796008068581587,
        "min": 0.4,
        "max": 1.0
      },
      "f1": {
        "mean": 0.3192565996095408,
        "std": 0.07424277210267886,
        "min": 0.2,
        "max": 0.45454545454545453
      },
      "auc_roc": {
        "mean": 0.7781717171717172,
        "std": 0.07234352249098344,
        "min": 0.6622222222222223,
        "max": 0.9022222222222223
      },
      "accuracy": {
        "mean": 0.7250612244897959,
        "std": 0.05371906188057871,
        "min": 0.64,
        "max": 0.8
      }
    },
    "summary_proposed": {
      "precision": {
        "mean": 0.15656565656565655,
        "std": 0.11319358179912072,
        "min": 0.0,
        "max": 0.375
      },
      "recall": {
        "mean": 0.28500000000000003,
        "std": 0.20254629100529092,
        "min": 0.0,
        "max": 0.6
      },
      "f1": {
        "mean": 0.19977522477522477,
        "std": 0.14299494987957506,
        "min": 0.0,
        "max": 0.46153846153846156
      },
      "auc_roc": {
        "mean": 0.6716969696969697,
        "std": 0.0992779338636203,
        "min": 0.5111111111111111,
        "max": 0.8266666666666667
      },
      "accuracy": {
        "mean": 0.7871428571428571,
        "std": 0.037628690747180366,
        "min": 0.7142857142857143,
        "max": 0.8571428571428571
      }
    },
    "comparison": {
      "precision": {
        "statistic": 15.0,
        "p_value": 0.232421875,
        "significant": false,
        "better": "no significant difference",
        "mean_a": 0.212887287403373,
        "mean_b": 0.15656565656565655,
        "difference": -0.05632163083771646
      },
      "recall": {
        "statistic": 0.0,
        "p_value": 0.00390625,
        "significant": true,
        "better": "A (Baseline)",
        "mean_a": 0.675,
        "mean_b": 0.28500000000000003,
        "difference": -0.39
      },
      "f1": {
        "statistic": 9.0,
        "p_value": 0.064453125,
        "significant": false,
        "better": "no significant difference",
        "mean_a": 0.3192565996095408,
        "mean_b": 0.19977522477522477,
        "difference": -0.119481374834316
      },
      "auc_roc": {
        "statistic": 6.0,
        "p_value": 0.02734375,
        "significant": true,
        "better": "A (Baseline)",
        "mean_a": 0.7781717171717172,
        "mean_b": 0.6716969696969697,
        "difference": -0.1064747474747475
      }
    }
  },
  "PC1": {
    "dataset_info": {
      "name": "PC1",
      "n_samples": 1109,
      "n_features": 21,
      "n_defective": 77,
      "defect_rate": 6.943192064923355
    },
    "summary_baseline": {
      "precision": {
        "mean": 0.2211912512438828,
        "std": 0.04983588344030827,
        "min": 0.15789473684210525,
        "max": 0.3181818181818182
      },
      "recall": {
        "mean": 0.6553571428571427,
        "std": 0.1621070602398052,
        "min": 0.375,
        "max": 0.875
      },
      "f1": {
        "mean": 0.32410169281137025,
        "std": 0.06360914635446108,
        "min": 0.24242424242424243,
        "max": 0.4666666666666667
      },
      "auc_roc": {
        "mean": 0.8172023364984531,
        "std": 0.06310072562282174,
        "min": 0.7038834951456311,
        "max": 0.9209431345353675
      },
      "accuracy": {
        "mean": 0.8079524979524979,
        "std": 0.05042891317838335,
        "min": 0.7027027027027027,
        "max": 0.8738738738738738
      }
    },
    "summary_proposed": {
      "precision": {
        "mean": 0.3329239766081871,
        "std": 0.1237879286379677,
        "min": 0.21052631578947367,
        "max": 0.6
      },
      "recall": {
        "mean": 0.5125,
        "std": 0.16922881804569476,
        "min": 0.25,
        "max": 0.8571428571428571
      },
      "f1": {
        "mean": 0.38767520748944895,
        "std": 0.10882816043717429,
        "min": 0.23529411764705882,
        "max": 0.631578947368421
      },
      "auc_roc": {
        "mean": 0.8511202389843167,
        "std": 0.07787042663946522,
        "min": 0.6648351648351648,
        "max": 0.9625520110957004
      },
      "accuracy": {
        "mean": 0.8864291564291564,
        "std": 0.0334294836004945,
        "min": 0.8288288288288288,
        "max": 0.9369369369369369
      }
    },
    "comparison": {
      "precision": {
        "statistic": 8.0,
        "p_value": 0.048828125,
        "significant": true,
        "better": "B (Proposed)",
        "mean_a": 0.2211912512438828,
        "mean_b": 0.3329239766081871,
        "difference": 0.11173272536430431
      },
      "recall": {
        "statistic": 0.0,
        "p_value": 0.03125,
        "significant": true,
        "better": "A (Baseline)",
        "mean_a": 0.6553571428571427,
        "mean_b": 0.5125,
        "difference": -0.1428571428571428
      },
      "f1": {
        "statistic": 15.0,
        "p_value": 0.232421875,
        "significant": false,
        "better": "no significant difference",
        "mean_a": 0.32410169281137025,
        "mean_b": 0.38767520748944895,
        "difference": 0.0635735146780787
      },
      "auc_roc": {
        "statistic": 13.0,
        "p_value": 0.16015625,
        "significant": false,
        "better": "no significant difference",
        "mean_a": 0.8172023364984531,
        "mean_b": 0.8511202389843167,
        "difference": 0.03391790248586357
      }
    }
  },
  "PC2": {
    "dataset_info": {
      "name": "PC2",
      "n_samples": 745,
      "n_features": 36,
      "n_defective": 16,
      "defect_rate": 2.1476510067114094
    },
    "summary_baseline": {
      "precision": {
        "mean": 0.04777777777777778,
        "std": 0.07569431702333822,
        "min": 0.0,
        "max": 0.2
      },
      "recall": {
        "mean": 0.25,
        "std": 0.4031128874149275,
        "min": 0.0,
        "max": 1.0
      },
      "f1": {
        "mean": 0.07833333333333332,
        "std": 0.12338962679253065,
        "min": 0.0,
        "max": 0.3333333333333333
      },
      "auc_roc": {
        "mean": 0.734256088280061,
        "std": 0.27144942730085553,
        "min": 0.00694444444444442,
        "max": 0.9863013698630136
      },
      "accuracy": {
        "mean": 0.9155675675675674,
        "std": 0.03142263822475468,
        "min": 0.8666666666666667,
        "max": 0.9594594594594594
      }
    },
    "summary_proposed": {
      "precision": {
        "mean": 0.16499999999999998,
        "std": 0.295,
        "min": 0.0,
        "max": 1.0
      },
      "recall": {
        "mean": 0.25,
        "std": 0.33541019662496846,
        "min": 0.0,
        "max": 1.0
      },
      "f1": {
        "mean": 0.16190476190476188,
        "std": 0.22049213148171856,
        "min": 0.0,
        "max": 0.6666666666666666
      },
      "auc_roc": {
        "mean": 0.8371289954337898,
        "std": 0.12285672518260188,
        "min": 0.6041666666666666,
        "max": 1.0
      },
      "accuracy": {
        "mean": 0.9315495495495497,
        "std": 0.027650872190494422,
        "min": 0.88,
        "max": 0.9866666666666667
      }
    },
    "comparison": {
      "precision": {
        "statistic": 3.0,
        "p_value": 0.3125,
        "significant": false,
        "better": "no significant difference",
        "mean_a": 0.04777777777777778,
        "mean_b": 0.16499999999999998,
        "difference": 0.1172222222222222
      },
      "recall": {
        "statistic": 3.0,
        "p_value": 1.0,
        "significant": false,
        "better": "no significant difference",