{
  "CM1": {
    "dataset_info": {
      "name": "CM1",
      "n_samples": 498,
      "n_features": 21,
      "n_defective": 49,
      "defect_rate": 9.839357429718875
    },
    "summary_baseline": {
      "precision": {
        "mean": 0.19338139427870238,
        "std": 0.03379178837512571,
        "min": 0.15254237288135594,
        "max": 0.23529411764705882
      },
      "recall": {
        "mean": 0.6311274509803922,
        "std": 0.058695735366804176,
        "min": 0.5625,
        "max": 0.7058823529411765
      },
      "f1": {
        "mean": 0.29568627450980395,
        "std": 0.046121381734867954,
        "min": 0.24,
        "max": 0.35294117647058826
      },
      "auc_roc": {
        "mean": 0.7226358183094268,
        "std": 0.03639128638960418,
        "min": 0.675,
        "max": 0.7633241215949467
      },
      "accuracy": {
        "mean": 0.7008032128514056,
        "std": 0.03275001291224921,
        "min": 0.6566265060240963,
        "max": 0.7349397590361446
      }
    },
    "summary_proposed": {
      "precision": {
        "mean": 0.23591269841269843,
        "std": 0.042841524196919556,
        "min": 0.1875,
        "max": 0.2916666666666667
      },
      "recall": {
        "mean": 0.43014705882352944,
        "std": 0.060261229672275714,
        "min": 0.35294117647058826,
        "max": 0.5
      },
      "f1": {
        "mean": 0.30287448312658394,
        "std": 0.04358836245112416,
        "min": 0.24489795918367346,
        "max": 0.35
      },
      "auc_roc": {
        "mean": 0.7372224963811028,
        "std": 0.046110310429733604,
        "min": 0.6729174891433083,
        "max": 0.7787499999999999
      },
      "accuracy": {
        "mean": 0.8032128514056226,
        "std": 0.02882068292049665,
        "min": 0.7771084337349398,
        "max": 0.8433734939759037
      }
    },
    "comparison": {
      "precision": {
        "statistic": 1.0,
        "p_value": 0.5,
        "significant": false,
        "better": "no significant difference",
        "mean_a": 0.19338139427870238,
        "mean_b": 0.23591269841269843,
        "difference": 0.042531304133996056
      },
      "recall": {
        "statistic": 0.0,
        "p_value": 0.25,
        "significant": false,
        "better": "no significant difference",
        "mean_a": 0.6311274509803922,
        "mean_b": 0.43014705882352944,
        "difference": -0.2009803921568628
      },
      "f1": {
        "statistic": 3.0,
        "p_value": 1.0,
        "significant": false,
        "better": "no significant difference",
        "mean_a": 0.29568627450980395,
        "mean_b": 0.30287448312658394,
        "difference": 0.00718820861677999
      },
      "auc_roc": {
        "statistic": 2.0,
        "p_value": 0.75,
        "significant": false,
        "better": "no significant difference",
        "mean_a": 0.7226358183094268,
        "mean_b": 0.7372224963811028,
        "difference": 0.014586678071676018
      }
    }
  }
}